y_values[0] := vector_t_TO_struct_ComplexRect(PMU100_PMU100.B102_V.cVal);
y_values[1] := vector_t_TO_struct_ComplexRect(PMU100_PMU100.B102_I2.cVal);
y_values[2] := vector_t_TO_struct_ComplexRect(PMU100_PMU100.B102_I3.cVal);
y_values[3] := vector_t_TO_struct_ComplexRect(PMU100_PMU100.B102_I1.cVal);
y_values[4] := vector_t_TO_struct_ComplexRect(PMU100_PMU100.B103_V.cVal);
y_values[5] := vector_t_TO_struct_ComplexRect(PMU100_PMU100.B103_I2.cVal);
y_values[6] := vector_t_TO_struct_ComplexRect(PMU100_PMU100.B103_I3.cVal);
y_values[7] := vector_t_TO_struct_ComplexRect(PMU100_PMU100.B103_I1.cVal);
y_values[8] := vector_t_TO_struct_ComplexRect(PMU100_PMU100.B107_V.cVal);
y_values[9] := vector_t_TO_struct_ComplexRect(PMU100_PMU100.B107_I1.cVal);
y_values[10] := vector_t_TO_struct_ComplexRect(PMU100_PMU100.B107_I2.cVal);
y_values[11] := vector_t_TO_struct_ComplexRect(PMU100_PMU100.B110_V.cVal);
y_values[12] := vector_t_TO_struct_ComplexRect(PMU100_PMU100.B110_I4.cVal);
y_values[13] := vector_t_TO_struct_ComplexRect(PMU100_PMU100.B110_I5.cVal);
y_values[14] := vector_t_TO_struct_ComplexRect(PMU100_PMU100.B110_I1.cVal);
y_values[15] := vector_t_TO_struct_ComplexRect(PMU100_PMU100.B110_I2.cVal);
y_values[16] := vector_t_TO_struct_ComplexRect(PMU100_PMU100.B110_I3.cVal);
y_values[17] := vector_t_TO_struct_ComplexRect(PMU100_PMU100.B123_V.cVal);
y_values[18] := vector_t_TO_struct_ComplexRect(PMU100_PMU100.B123_I5.cVal);
y_values[19] := vector_t_TO_struct_ComplexRect(PMU100_PMU100.B123_I1.cVal);
y_values[20] := vector_t_TO_struct_ComplexRect(PMU100_PMU100.B123_I2.cVal);
y_values[21] := vector_t_TO_struct_ComplexRect(PMU100_PMU100.B123_I3.cVal);
y_values[22] := vector_t_TO_struct_ComplexRect(PMU100_PMU100.B123_I4.cVal);
y_values[23] := vector_t_TO_struct_ComplexRect(PMU200_PMU200.B202_V.cVal);
y_values[24] := vector_t_TO_struct_ComplexRect(PMU200_PMU200.B202_I2.cVal);
y_values[25] := vector_t_TO_struct_ComplexRect(PMU200_PMU200.B202_I3.cVal);
y_values[26] := vector_t_TO_struct_ComplexRect(PMU200_PMU200.B202_I1.cVal);
y_values[27] := vector_t_TO_struct_ComplexRect(PMU200_PMU200.B203_V.cVal);
y_values[28] := vector_t_TO_struct_ComplexRect(PMU200_PMU200.B203_I3.cVal);
y_values[29] := vector_t_TO_struct_ComplexRect(PMU200_PMU200.B203_I4.cVal);
y_values[30] := vector_t_TO_struct_ComplexRect(PMU200_PMU200.B203_I1.cVal);
y_values[31] := vector_t_TO_struct_ComplexRect(PMU200_PMU200.B203_I2.cVal);
y_values[32] := vector_t_TO_struct_ComplexRect(PMU200_PMU200.B207_V.cVal);
y_values[33] := vector_t_TO_struct_ComplexRect(PMU200_PMU200.B207_I1.cVal);
y_values[34] := vector_t_TO_struct_ComplexRect(PMU200_PMU200.B210_V.cVal);
y_values[35] := vector_t_TO_struct_ComplexRect(PMU200_PMU200.B210_I4.cVal);
y_values[36] := vector_t_TO_struct_ComplexRect(PMU200_PMU200.B210_I5.cVal);
y_values[37] := vector_t_TO_struct_ComplexRect(PMU200_PMU200.B210_I1.cVal);
y_values[38] := vector_t_TO_struct_ComplexRect(PMU200_PMU200.B210_I2.cVal);
y_values[39] := vector_t_TO_struct_ComplexRect(PMU200_PMU200.B210_I3.cVal);
y_values[40] := vector_t_TO_struct_ComplexRect(PMU200_PMU200.B216_V.cVal);
y_values[41] := vector_t_TO_struct_ComplexRect(PMU200_PMU200.B216_I3.cVal);
y_values[42] := vector_t_TO_struct_ComplexRect(PMU200_PMU200.B216_I4.cVal);
y_values[43] := vector_t_TO_struct_ComplexRect(PMU200_PMU200.B216_I1.cVal);
y_values[44] := vector_t_TO_struct_ComplexRect(PMU200_PMU200.B216_I2.cVal);
y_values[45] := vector_t_TO_struct_ComplexRect(PMU200_PMU200.B221_V.cVal);
y_values[46] := vector_t_TO_struct_ComplexRect(PMU200_PMU200.B221_I5.cVal);
y_values[47] := vector_t_TO_struct_ComplexRect(PMU200_PMU200.B221_I1.cVal);
y_values[48] := vector_t_TO_struct_ComplexRect(PMU200_PMU200.B221_I2.cVal);
y_values[49] := vector_t_TO_struct_ComplexRect(PMU200_PMU200.B221_I3.cVal);
y_values[50] := vector_t_TO_struct_ComplexRect(PMU200_PMU200.B221_I4.cVal);
y_values[51] := vector_t_TO_struct_ComplexRect(PMU200_PMU200.B223_V.cVal);
y_values[52] := vector_t_TO_struct_ComplexRect(PMU200_PMU200.B223_I5.cVal);
y_values[53] := vector_t_TO_struct_ComplexRect(PMU200_PMU200.B223_I1.cVal);
y_values[54] := vector_t_TO_struct_ComplexRect(PMU200_PMU200.B223_I2.cVal);
y_values[55] := vector_t_TO_struct_ComplexRect(PMU200_PMU200.B223_I3.cVal);
y_values[56] := vector_t_TO_struct_ComplexRect(PMU200_PMU200.B223_I4.cVal);
y_values[57] := vector_t_TO_struct_ComplexRect(PMU300_PMU300.B316_V.cVal);
y_values[58] := vector_t_TO_struct_ComplexRect(PMU300_PMU300.B316_I3.cVal);
y_values[59] := vector_t_TO_struct_ComplexRect(PMU300_PMU300.B316_I4.cVal);
y_values[60] := vector_t_TO_struct_ComplexRect(PMU300_PMU300.B316_I1.cVal);
y_values[61] := vector_t_TO_struct_ComplexRect(PMU300_PMU300.B316_I2.cVal);
y_values[62] := vector_t_TO_struct_ComplexRect(PMU300_PMU300.B321_V.cVal);
y_values[63] := vector_t_TO_struct_ComplexRect(PMU300_PMU300.B321_I5.cVal);
y_values[64] := vector_t_TO_struct_ComplexRect(PMU300_PMU300.B321_I1.cVal);
y_values[65] := vector_t_TO_struct_ComplexRect(PMU300_PMU300.B321_I2.cVal);
y_values[66] := vector_t_TO_struct_ComplexRect(PMU300_PMU300.B321_I3.cVal);
y_values[67] := vector_t_TO_struct_ComplexRect(PMU300_PMU300.B321_I4.cVal);
y_values[68] := vector_t_TO_struct_ComplexRect(PMU100_PMU100.B116_V.cVal);
y_values[69] := vector_t_TO_struct_ComplexRect(PMU100_PMU100.B116_I3.cVal);
y_values[70] := vector_t_TO_struct_ComplexRect(PMU100_PMU100.B116_I4.cVal);
y_values[71] := vector_t_TO_struct_ComplexRect(PMU100_PMU100.B116_I1.cVal);
y_values[72] := vector_t_TO_struct_ComplexRect(PMU100_PMU100.B116_I2.cVal);
y_values[73] := vector_t_TO_struct_ComplexRect(PMU100_PMU100.B121_V.cVal);
y_values[74] := vector_t_TO_struct_ComplexRect(PMU100_PMU100.B121_I5.cVal);
y_values[75] := vector_t_TO_struct_ComplexRect(PMU100_PMU100.B121_I6.cVal);
y_values[76] := vector_t_TO_struct_ComplexRect(PMU100_PMU100.B121_I1.cVal);
y_values[77] := vector_t_TO_struct_ComplexRect(PMU100_PMU100.B121_I2.cVal);
y_values[78] := vector_t_TO_struct_ComplexRect(PMU100_PMU100.B121_I3.cVal);
y_values[79] := vector_t_TO_struct_ComplexRect(PMU100_PMU100.B121_I4.cVal);
y_values[80] := vector_t_TO_struct_ComplexRect(PMU300_PMU300.B302_V.cVal);
y_values[81] := vector_t_TO_struct_ComplexRect(PMU300_PMU300.B302_I2.cVal);
y_values[82] := vector_t_TO_struct_ComplexRect(PMU300_PMU300.B302_I3.cVal);
y_values[83] := vector_t_TO_struct_ComplexRect(PMU300_PMU300.B302_I1.cVal);
y_values[84] := vector_t_TO_struct_ComplexRect(PMU300_PMU300.B303_V.cVal);
y_values[85] := vector_t_TO_struct_ComplexRect(PMU300_PMU300.B303_I2.cVal);
y_values[86] := vector_t_TO_struct_ComplexRect(PMU300_PMU300.B303_I3.cVal);
y_values[87] := vector_t_TO_struct_ComplexRect(PMU300_PMU300.B303_I1.cVal);
y_values[88] := vector_t_TO_struct_ComplexRect(PMU300_PMU300.B307_V.cVal);
y_values[89] := vector_t_TO_struct_ComplexRect(PMU300_PMU300.B307_I1.cVal);
y_values[90] := vector_t_TO_struct_ComplexRect(PMU300_PMU300.B310_V.cVal);
y_values[91] := vector_t_TO_struct_ComplexRect(PMU300_PMU300.B310_I4.cVal);
y_values[92] := vector_t_TO_struct_ComplexRect(PMU300_PMU300.B310_I5.cVal);
y_values[93] := vector_t_TO_struct_ComplexRect(PMU300_PMU300.B310_I1.cVal);
y_values[94] := vector_t_TO_struct_ComplexRect(PMU300_PMU300.B310_I2.cVal);
y_values[95] := vector_t_TO_struct_ComplexRect(PMU300_PMU300.B310_I3.cVal);
y_values[96] := vector_t_TO_struct_ComplexRect(PMU300_PMU300.B323_V.cVal);
y_values[97] := vector_t_TO_struct_ComplexRect(PMU300_PMU300.B323_I5.cVal);
y_values[98] := vector_t_TO_struct_ComplexRect(PMU300_PMU300.B323_I1.cVal);
y_values[99] := vector_t_TO_struct_ComplexRect(PMU300_PMU300.B323_I2.cVal);
y_values[100] := vector_t_TO_struct_ComplexRect(PMU300_PMU300.B323_I3.cVal);
y_values[101] := vector_t_TO_struct_ComplexRect(PMU300_PMU300.B323_I4.cVal);
